project_type,structure_type,work_item,unit,coefficient,source_notes
factory,brick_concrete,steel,t/m2,0.16,synthetic industry experience indicator; no commercial dataset copied
factory,brick_concrete,concrete_foundation,m3/m2,0.40,synthetic industry experience indicator; no commercial dataset copied
factory,brick_concrete,masonry,m3/m2,0.80,synthetic industry experience indicator; no commercial dataset copied
factory,brick_concrete,roof_panel,m2/m2,1.05,synthetic industry experience indicator; no commercial dataset copied
factory,brick_concrete,waterproof,m2/m2,1.50,synthetic industry experience indicator; no commercial dataset copied
factory,brick_concrete,floor_hardening,m2/m2,0.95,synthetic industry experience indicator; no commercial dataset copied
factory,brick_concrete,doors_windows,m2/m2,0.18,synthetic industry experience indicator; no commercial dataset copied
factory,brick_concrete,fire_mep,m2/m2,1.00,synthetic industry experience indicator; no commercial dataset copied
factory,brick_concrete,temporary_facility,m2/m2,0.08,synthetic industry experience indicator; no commercial dataset copied
factory,brick_concrete,earthwork,m3/m2,0.65,synthetic industry experience indicator; no commercial dataset copied
factory,brick_concrete,plaster,m2/m2,1.80,synthetic industry experience indicator; no commercial dataset copied
factory,brick_concrete,scaffold,m2/m2,1.20,synthetic industry experience indicator; no commercial dataset copied
factory,frame,steel,t/m2,0.16,synthetic industry experience indicator; no commercial dataset copied
factory,frame,concrete_foundation,m3/m2,0.40,synthetic industry experience indicator; no commercial dataset copied
factory,frame,masonry,m3/m2,0.80,synthetic industry experience indicator; no commercial dataset copied
factory,frame,roof_panel,m2/m2,1.05,synthetic industry experience indicator; no commercial dataset copied
factory,frame,waterproof,m2/m2,1.50,synthetic industry experience indicator; no commercial dataset copied
factory,frame,floor_hardening,m2/m2,0.95,synthetic industry experience indicator; no commercial dataset copied
factory,frame,doors_windows,m2/m2,0.18,synthetic industry experience indicator; no commercial dataset copied
factory,frame,fire_mep,m2/m2,1.00,synthetic industry experience indicator; no commercial dataset copied
factory,frame,temporary_facility,m2/m2,0.08,synthetic industry experience indicator; no commercial dataset copied
factory,frame,earthwork,m3/m2,0.65,synthetic industry experience indicator; no commercial dataset copied
factory,frame,plaster,m2/m2,1.80,synthetic industry experience indicator; no commercial dataset copied
factory,frame,scaffold,m2/m2,1.20,synthetic industry experience indicator; no commercial dataset copied
factory,frame_shear,steel,t/m2,0.16,synthetic industry experience indicator; no commercial dataset copied
factory,frame_shear,concrete_foundation,m3/m2,0.40,synthetic industry experience indicator; no commercial dataset copied
factory,frame_shear,masonry,m3/m2,0.80,synthetic industry experience indicator; no commercial dataset copied
factory,frame_shear,roof_panel,m2/m2,1.05,synthetic industry experience indicator; no commercial dataset copied
factory,frame_shear,waterproof,m2/m2,1.50,synthetic industry experience indicator; no commercial dataset copied
factory,frame_shear,floor_hardening,m2/m2,0.95,synthetic industry experience indicator; no commercial dataset copied
factory,frame_shear,doors_windows,m2/m2,0.18,synthetic industry experience indicator; no commercial dataset copied
factory,frame_shear,fire_mep,m2/m2,1.00,synthetic industry experience indicator; no commercial dataset copied
factory,frame_shear,temporary_facility,m2/m2,0.08,synthetic industry experience indicator; no commercial dataset copied
factory,frame_shear,earthwork,m3/m2,0.65,synthetic industry experience indicator; no commercial dataset copied
factory,frame_shear,plaster,m2/m2,1.80,synthetic industry experience indicator; no commercial dataset copied
factory,frame_shear,scaffold,m2/m2,1.20,synthetic industry experience indicator; no commercial dataset copied
factory,steel,steel,t/m2,0.16,synthetic industry experience indicator; no commercial dataset copied
factory,steel,concrete_foundation,m3/m2,0.40,synthetic industry experience indicator; no commercial dataset copied
factory,steel,masonry,m3/m2,0.80,synthetic industry experience indicator; no commercial dataset copied
factory,steel,roof_panel,m2/m2,1.05,synthetic industry experience indicator; no commercial dataset copied
factory,steel,waterproof,m2/m2,1.50,synthetic industry experience indicator; no commercial dataset copied
factory,steel,floor_hardening,m2/m2,0.95,synthetic industry experience indicator; no commercial dataset copied
factory,steel,doors_windows,m2/m2,0.18,synthetic industry experience indicator; no commercial dataset copied
factory,steel,fire_mep,m2/m2,1.00,synthetic industry experience indicator; no commercial dataset copied
factory,steel,temporary_facility,m2/m2,0.08,synthetic industry experience indicator; no commercial dataset copied
factory,steel,earthwork,m3/m2,0.65,synthetic industry experience indicator; no commercial dataset copied
factory,steel,plaster,m2/m2,1.80,synthetic industry experience indicator; no commercial dataset copied
factory,steel,scaffold,m2/m2,1.20,synthetic industry experience indicator; no commercial dataset copied
factory,prefab,steel,t/m2,0.16,synthetic industry experience indicator; no commercial dataset copied
factory,prefab,concrete_foundation,m3/m2,0.40,synthetic industry experience indicator; no commercial dataset copied
factory,prefab,masonry,m3/m2,0.80,synthetic industry experience indicator; no commercial dataset copied
factory,prefab,roof_panel,m2/m2,1.05,synthetic industry experience indicator; no commercial dataset copied
factory,prefab,waterproof,m2/m2,1.50,synthetic industry experience indicator; no commercial dataset copied
factory,prefab,floor_hardening,m2/m2,0.95,synthetic industry experience indicator; no commercial dataset copied
factory,prefab,doors_windows,m2/m2,0.18,synthetic industry experience indicator; no commercial dataset copied
factory,prefab,fire_mep,m2/m2,1.00,synthetic industry experience indicator; no commercial dataset copied
factory,prefab,temporary_facility,m2/m2,0.08,synthetic industry experience indicator; no commercial dataset copied
factory,prefab,earthwork,m3/m2,0.65,synthetic industry experience indicator; no commercial dataset copied
factory,prefab,plaster,m2/m2,1.80,synthetic industry experience indicator; no commercial dataset copied
factory,prefab,scaffold,m2/m2,1.20,synthetic industry experience indicator; no commercial dataset copied
office,brick_concrete,steel,t/m2,0.16,synthetic industry experience indicator; no commercial dataset copied
office,brick_concrete,concrete_foundation,m3/m2,0.40,synthetic industry experience indicator; no commercial dataset copied
office,brick_concrete,masonry,m3/m2,0.80,synthetic industry experience indicator; no commercial dataset copied
office,brick_concrete,roof_panel,m2/m2,1.05,synthetic industry experience indicator; no commercial dataset copied
office,brick_concrete,waterproof,m2/m2,1.50,synthetic industry experience indicator; no commercial dataset copied
office,brick_concrete,floor_hardening,m2/m2,0.95,synthetic industry experience indicator; no commercial dataset copied
office,brick_concrete,doors_windows,m2/m2,0.18,synthetic industry experience indicator; no commercial dataset copied
office,brick_concrete,fire_mep,m2/m2,1.00,synthetic industry experience indicator; no commercial dataset copied
office,brick_concrete,temporary_facility,m2/m2,0.08,synthetic industry experience indicator; no commercial dataset copied
office,brick_concrete,earthwork,m3/m2,0.65,synthetic industry experience indicator; no commercial dataset copied
office,brick_concrete,plaster,m2/m2,1.80,synthetic industry experience indicator; no commercial dataset copied
office,brick_concrete,scaffold,m2/m2,1.20,synthetic industry experience indicator; no commercial dataset copied
office,frame,steel,t/m2,0.16,synthetic industry experience indicator; no commercial dataset copied
office,frame,concrete_foundation,m3/m2,0.40,synthetic industry experience indicator; no commercial dataset copied
office,frame,masonry,m3/m2,0.80,synthetic industry experience indicator; no commercial dataset copied
office,frame,roof_panel,m2/m2,1.05,synthetic industry experience indicator; no commercial dataset copied
office,frame,waterproof,m2/m2,1.50,synthetic industry experience indicator; no commercial dataset copied
office,frame,floor_hardening,m2/m2,0.95,synthetic industry experience indicator; no commercial dataset copied
office,frame,doors_windows,m2/m2,0.18,synthetic industry experience indicator; no commercial dataset copied
office,frame,fire_mep,m2/m2,1.00,synthetic industry experience indicator; no commercial dataset copied
office,frame,temporary_facility,m2/m2,0.08,synthetic industry experience indicator; no commercial dataset copied
office,frame,earthwork,m3/m2,0.65,synthetic industry experience indicator; no commercial dataset copied
office,frame,plaster,m2/m2,1.80,synthetic industry experience indicator; no commercial dataset copied
office,frame,scaffold,m2/m2,1.20,synthetic industry experience indicator; no commercial dataset copied
office,frame_shear,steel,t/m2,0.16,synthetic industry experience indicator; no commercial dataset copied
office,frame_shear,concrete_foundation,m3/m2,0.40,synthetic industry experience indicator; no commercial dataset copied
office,frame_shear,masonry,m3/m2,0.80,synthetic industry experience indicator; no commercial dataset copied
office,frame_shear,roof_panel,m2/m2,1.05,synthetic industry experience indicator; no commercial dataset copied
office,frame_shear,waterproof,m2/m2,1.50,synthetic industry experience indicator; no commercial dataset copied
office,frame_shear,floor_hardening,m2/m2,0.95,synthetic industry experience indicator; no commercial dataset copied
office,frame_shear,doors_windows,m2/m2,0.18,synthetic industry experience indicator; no commercial dataset copied
office,frame_shear,fire_mep,m2/m2,1.00,synthetic industry experience indicator; no commercial dataset copied
office,frame_shear,temporary_facility,m2/m2,0.08,synthetic industry experience indicator; no commercial dataset copied
office,frame_shear,earthwork,m3/m2,0.65,synthetic industry experience indicator; no commercial dataset copied
office,frame_shear,plaster,m2/m2,1.80,synthetic industry experience indicator; no commercial dataset copied
office,frame_shear,scaffold,m2/m2,1.20,synthetic industry experience indicator; no commercial dataset copied
office,steel,steel,t/m2,0.16,synthetic industry experience indicator; no commercial dataset copied
office,steel,concrete_foundation,m3/m2,0.40,synthetic industry experience indicator; no commercial dataset copied
office,steel,masonry,m3/m2,0.80,synthetic industry experience indicator; no commercial dataset copied
office,steel,roof_panel,m2/m2,1.05,synthetic industry experience indicator; no commercial dataset copied
office,steel,waterproof,m2/m2,1.50,synthetic industry experience indicator; no commercial dataset copied
office,steel,floor_hardening,m2/m2,0.95,synthetic industry experience indicator; no commercial dataset copied
office,steel,doors_windows,m2/m2,0.18,synthetic industry experience indicator; no commercial dataset copied
office,steel,fire_mep,m2/m2,1.00,synthetic industry experience indicator; no commercial dataset copied
office,steel,temporary_facility,m2/m2,0.08,synthetic industry experience indicator; no commercial dataset copied
office,steel,earthwork,m3/m2,0.65,synthetic industry experience indicator; no commercial dataset copied
office,steel,plaster,m2/m2,1.80,synthetic industry experience indicator; no commercial dataset copied
office,steel,scaffold,m2/m2,1.20,synthetic industry experience indicator; no commercial dataset copied
office,prefab,steel,t/m2,0.16,synthetic industry experience indicator; no commercial dataset copied
office,prefab,concrete_foundation,m3/m2,0.40,synthetic industry experience indicator; no commercial dataset copied
office,prefab,masonry,m3/m2,0.80,synthetic industry experience indicator; no commercial dataset copied
office,prefab,roof_panel,m2/m2,1.05,synthetic industry experience indicator; no commercial dataset copied
office,prefab,waterproof,m2/m2,1.50,synthetic industry experience indicator; no commercial dataset copied
office,prefab,floor_hardening,m2/m2,0.95,synthetic industry experience indicator; no commercial dataset copied
office,prefab,doors_windows,m2/m2,0.18,synthetic industry experience indicator; no commercial dataset copied
office,prefab,fire_mep,m2/m2,1.00,synthetic industry experience indicator; no commercial dataset copied
office,prefab,temporary_facility,m2/m2,0.08,synthetic industry experience indicator; no commercial dataset copied
office,prefab,earthwork,m3/m2,0.65,synthetic industry experience indicator; no commercial dataset copied
office,prefab,plaster,m2/m2,1.80,synthetic industry experience indicator; no commercial dataset copied
office,prefab,scaffold,m2/m2,1.20,synthetic industry experience indicator; no commercial dataset copied
residential,brick_concrete,steel,t/m2,0.16,synthetic industry experience indicator; no commercial dataset copied
residential,brick_concrete,concrete_foundation,m3/m2,0.40,synthetic industry experience indicator; no commercial dataset copied
residential,brick_concrete,masonry,m3/m2,0.80,synthetic industry experience indicator; no commercial dataset copied
residential,brick_concrete,roof_panel,m2/m2,1.05,synthetic industry experience indicator; no commercial dataset copied
residential,brick_concrete,waterproof,m2/m2,1.50,synthetic industry experience indicator; no commercial dataset copied
residential,brick_concrete,floor_hardening,m2/m2,0.95,synthetic industry experience indicator; no commercial dataset copied
residential,brick_concrete,doors_windows,m2/m2,0.18,synthetic industry experience indicator; no commercial dataset copied
residential,brick_concrete,fire_mep,m2/m2,1.00,synthetic industry experience indicator; no commercial dataset copied
residential,brick_concrete,temporary_facility,m2/m2,0.08,synthetic industry experience indicator; no commercial dataset copied
residential,brick_concrete,earthwork,m3/m2,0.65,synthetic industry experience indicator; no commercial dataset copied
residential,brick_concrete,plaster,m2/m2,1.80,synthetic industry experience indicator; no commercial dataset copied
residential,brick_concrete,scaffold,m2/m2,1.20,synthetic industry experience indicator; no commercial dataset copied
residential,frame,steel,t/m2,0.16,synthetic industry experience indicator; no commercial dataset copied
residential,frame,concrete_foundation,m3/m2,0.40,synthetic industry experience indicator; no commercial dataset copied
residential,frame,masonry,m3/m2,0.80,synthetic industry experience indicator; no commercial dataset copied
residential,frame,roof_panel,m2/m2,1.05,synthetic industry experience indicator; no commercial dataset copied
residential,frame,waterproof,m2/m2,1.50,synthetic industry experience indicator; no commercial dataset copied
residential,frame,floor_hardening,m2/m2,0.95,synthetic industry experience indicator; no commercial dataset copied
residential,frame,doors_windows,m2/m2,0.18,synthetic industry experience indicator; no commercial dataset copied
residential,frame,fire_mep,m2/m2,1.00,synthetic industry experience indicator; no commercial dataset copied
residential,frame,temporary_facility,m2/m2,0.08,synthetic industry experience indicator; no commercial dataset copied
residential,frame,earthwork,m3/m2,0.65,synthetic industry experience indicator; no commercial dataset copied
residential,frame,plaster,m2/m2,1.80,synthetic industry experience indicator; no commercial dataset copied
residential,frame,scaffold,m2/m2,1.20,synthetic industry experience indicator; no commercial dataset copied
residential,frame_shear,steel,t/m2,0.16,synthetic industry experience indicator; no commercial dataset copied
residential,frame_shear,concrete_foundation,m3/m2,0.40,synthetic industry experience indicator; no commercial dataset copied
residential,frame_shear,masonry,m3/m2,0.80,synthetic industry experience indicator; no commercial dataset copied
residential,frame_shear,roof_panel,m2/m2,1.05,synthetic industry experience indicator; no commercial dataset copied
residential,frame_shear,waterproof,m2/m2,1.50,synthetic industry experience indicator; no commercial dataset copied
residential,frame_shear,floor_hardening,m2/m2,0.95,synthetic industry experience indicator; no commercial dataset copied
residential,frame_shear,doors_windows,m2/m2,0.18,synthetic industry experience indicator; no commercial dataset copied
residential,frame_shear,fire_mep,m2/m2,1.00,synthetic industry experience indicator; no commercial dataset copied
residential,frame_shear,temporary_facility,m2/m2,0.08,synthetic industry experience indicator; no commercial dataset copied
residential,frame_shear,earthwork,m3/m2,0.65,synthetic industry experience indicator; no commercial dataset copied
residential,frame_shear,plaster,m2/m2,1.80,synthetic industry experience indicator; no commercial dataset copied
residential,frame_shear,scaffold,m2/m2,1.20,synthetic industry experience indicator; no commercial dataset copied
residential,steel,steel,t/m2,0.16,synthetic industry experience indicator; no commercial dataset copied
residential,steel,concrete_foundation,m3/m2,0.40,synthetic industry experience indicator; no commercial dataset copied
residential,steel,masonry,m3/m2,0.80,synthetic industry experience indicator; no commercial dataset copied
residential,steel,roof_panel,m2/m2,1.05,synthetic industry experience indicator; no commercial dataset copied
residential,steel,waterproof,m2/m2,1.50,synthetic industry experience indicator; no commercial dataset copied
residential,steel,floor_hardening,m2/m2,0.95,synthetic industry experience indicator; no commercial dataset copied
residential,steel,doors_windows,m2/m2,0.18,synthetic industry experience indicator; no commercial dataset copied
residential,steel,fire_mep,m2/m2,1.00,synthetic industry experience indicator; no commercial dataset copied
residential,steel,temporary_facility,m2/m2,0.08,synthetic industry experience indicator; no commercial dataset copied
residential,steel,earthwork,m3/m2,0.65,synthetic industry experience indicator; no commercial dataset copied
residential,steel,plaster,m2/m2,1.80,synthetic industry experience indicator; no commercial dataset copied
residential,steel,scaffold,m2/m2,1.20,synthetic industry experience indicator; no commercial dataset copied
residential,prefab,steel,t/m2,0.16,synthetic industry experience indicator; no commercial dataset copied
residential,prefab,concrete_foundation,m3/m2,0.40,synthetic industry experience indicator; no commercial dataset copied
residential,prefab,masonry,m3/m2,0.80,synthetic industry experience indicator; no commercial dataset copied
residential,prefab,roof_panel,m2/m2,1.05,synthetic industry experience indicator; no commercial dataset copied
residential,prefab,waterproof,m2/m2,1.50,synthetic industry experience indicator; no commercial dataset copied
residential,prefab,floor_hardening,m2/m2,0.95,synthetic industry experience indicator; no commercial dataset copied
residential,prefab,doors_windows,m2/m2,0.18,synthetic industry experience indicator; no commercial dataset copied
residential,prefab,fire_mep,m2/m2,1.00,synthetic industry experience indicator; no commercial dataset copied
residential,prefab,temporary_facility,m2/m2,0.08,synthetic industry experience indicator; no commercial dataset copied
residential,prefab,earthwork,m3/m2,0.65,synthetic industry experience indicator; no commercial dataset copied
residential,prefab,plaster,m2/m2,1.80,synthetic industry experience indicator; no commercial dataset copied
residential,prefab,scaffold,m2/m2,1.20,synthetic industry experience indicator; no commercial dataset copied
hotel,brick_concrete,steel,t/m2,0.16,synthetic industry experience indicator; no commercial dataset copied
hotel,brick_concrete,concrete_foundation,m3/m2,0.40,synthetic industry experience indicator; no commercial dataset copied
hotel,brick_concrete,masonry,m3/m2,0.80,synthetic industry experience indicator; no commercial dataset copied
hotel,brick_concrete,roof_panel,m2/m2,1.05,synthetic industry experience indicator; no commercial dataset copied
hotel,brick_concrete,waterproof,m2/m2,1.50,synthetic industry experience indicator; no commercial dataset copied
hotel,brick_concrete,floor_hardening,m2/m2,0.95,synthetic industry experience indicator; no commercial dataset copied
hotel,brick_concrete,doors_windows,m2/m2,0.18,synthetic industry experience indicator; no commercial dataset copied
hotel,brick_concrete,fire_mep,m2/m2,1.00,synthetic industry experience indicator; no commercial dataset copied
hotel,brick_concrete,temporary_facility,m2/m2,0.08,synthetic industry experience indicator; no commercial dataset copied
hotel,brick_concrete,earthwork,m3/m2,0.65,synthetic industry experience indicator; no commercial dataset copied
hotel,brick_concrete,plaster,m2/m2,1.80,synthetic industry experience indicator; no commercial dataset copied
hotel,brick_concrete,scaffold,m2/m2,1.20,synthetic industry experience indicator; no commercial dataset copied
hotel,frame,steel,t/m2,0.16,synthetic industry experience indicator; no commercial dataset copied
hotel,frame,concrete_foundation,m3/m2,0.40,synthetic industry experience indicator; no commercial dataset copied
hotel,frame,masonry,m3/m2,0.80,synthetic industry experience indicator; no commercial dataset copied
hotel,frame,roof_panel,m2/m2,1.05,synthetic industry experience indicator; no commercial dataset copied
hotel,frame,waterproof,m2/m2,1.50,synthetic industry experience indicator; no commercial dataset copied
hotel,frame,floor_hardening,m2/m2,0.95,synthetic industry experience indicator; no commercial dataset copied
hotel,frame,doors_windows,m2/m2,0.18,synthetic industry experience indicator; no commercial dataset copied
hotel,frame,fire_mep,m2/m2,1.00,synthetic industry experience indicator; no commercial dataset copied
hotel,frame,temporary_facility,m2/m2,0.08,synthetic industry experience indicator; no commercial dataset copied
hotel,frame,earthwork,m3/m2,0.65,synthetic industry experience indicator; no commercial dataset copied
hotel,frame,plaster,m2/m2,1.80,synthetic industry experience indicator; no commercial dataset copied
hotel,frame,scaffold,m2/m2,1.20,synthetic industry experience indicator; no commercial dataset copied
hotel,frame_shear,steel,t/m2,0.16,synthetic industry experience indicator; no commercial dataset copied
hotel,frame_shear,concrete_foundation,m3/m2,0.40,synthetic industry experience indicator; no commercial dataset copied
hotel,frame_shear,masonry,m3/m2,0.80,synthetic industry experience indicator; no commercial dataset copied
hotel,frame_shear,roof_panel,m2/m2,1.05,synthetic industry experience indicator; no commercial dataset copied
hotel,frame_shear,waterproof,m2/m2,1.50,synthetic industry experience indicator; no commercial dataset copied
hotel,frame_shear,floor_hardening,m2/m2,0.95,synthetic industry experience indicator; no commercial dataset copied
hotel,frame_shear,doors_windows,m2/m2,0.18,synthetic industry experience indicator; no commercial dataset copied
hotel,frame_shear,fire_mep,m2/m2,1.00,synthetic industry experience indicator; no commercial dataset copied
hotel,frame_shear,temporary_facility,m2/m2,0.08,synthetic industry experience indicator; no commercial dataset copied
hotel,frame_shear,earthwork,m3/m2,0.65,synthetic industry experience indicator; no commercial dataset copied
hotel,frame_shear,plaster,m2/m2,1.80,synthetic industry experience indicator; no commercial dataset copied
hotel,frame_shear,scaffold,m2/m2,1.20,synthetic industry experience indicator; no commercial dataset copied
hotel,steel,steel,t/m2,0.16,synthetic industry experience indicator; no commercial dataset copied
hotel,steel,concrete_foundation,m3/m2,0.40,synthetic industry experience indicator; no commercial dataset copied
hotel,steel,masonry,m3/m2,0.80,synthetic industry experience indicator; no commercial dataset copied
hotel,steel,roof_panel,m2/m2,1.05,synthetic industry experience indicator; no commercial dataset copied
hotel,steel,waterproof,m2/m2,1.50,synthetic industry experience indicator; no commercial dataset copied
hotel,steel,floor_hardening,m2/m2,0.95,synthetic industry experience indicator; no commercial dataset copied
hotel,steel,doors_windows,m2/m2,0.18,synthetic industry experience indicator; no commercial dataset copied
hotel,steel,fire_mep,m2/m2,1.00,synthetic industry experience indicator; no commercial dataset copied
hotel,steel,temporary_facility,m2/m2,0.08,synthetic industry experience indicator; no commercial dataset copied
hotel,steel,earthwork,m3/m2,0.65,synthetic industry experience indicator; no commercial dataset copied
hotel,steel,plaster,m2/m2,1.80,synthetic industry experience indicator; no commercial dataset copied
hotel,steel,scaffold,m2/m2,1.20,synthetic industry experience indicator; no commercial dataset copied
hotel,prefab,steel,t/m2,0.16,synthetic industry experience indicator; no commercial dataset copied
hotel,prefab,concrete_foundation,m3/m2,0.40,synthetic industry experience indicator; no commercial dataset copied
hotel,prefab,masonry,m3/m2,0.80,synthetic industry experience indicator; no commercial dataset copied
hotel,prefab,roof_panel,m2/m2,1.05,synthetic industry experience indicator; no commercial dataset copied
hotel,prefab,waterproof,m2/m2,1.50,synthetic industry experience indicator; no commercial dataset copied
hotel,prefab,floor_hardening,m2/m2,0.95,synthetic industry experience indicator; no commercial dataset copied
hotel,prefab,doors_windows,m2/m2,0.18,synthetic industry experience indicator; no commercial dataset copied
hotel,prefab,fire_mep,m2/m2,1.00,synthetic industry experience indicator; no commercial dataset copied
hotel,prefab,temporary_facility,m2/m2,0.08,synthetic industry experience indicator; no commercial dataset copied
hotel,prefab,earthwork,m3/m2,0.65,synthetic industry experience indicator; no commercial dataset copied
hotel,prefab,plaster,m2/m2,1.80,synthetic industry experience indicator; no commercial dataset copied
hotel,prefab,scaffold,m2/m2,1.20,synthetic industry experience indicator; no commercial dataset copied
hospital,brick_concrete,steel,t/m2,0.16,synthetic industry experience indicator; no commercial dataset copied
hospital,brick_concrete,concrete_foundation,m3/m2,0.40,synthetic industry experience indicator; no commercial dataset copied
hospital,brick_concrete,masonry,m3/m2,0.80,synthetic industry experience indicator; no commercial dataset copied
hospital,brick_concrete,roof_panel,m2/m2,1.05,synthetic industry experience indicator; no commercial dataset copied
hospital,brick_concrete,waterproof,m2/m2,1.50,synthetic industry experience indicator; no commercial dataset copied
hospital,brick_concrete,floor_hardening,m2/m2,0.95,synthetic industry experience indicator; no commercial dataset copied
hospital,brick_concrete,doors_windows,m2/m2,0.18,synthetic industry experience indicator; no commercial dataset copied
hospital,brick_concrete,fire_mep,m2/m2,1.00,synthetic industry experience indicator; no commercial dataset copied
hospital,brick_concrete,temporary_facility,m2/m2,0.08,synthetic industry experience indicator; no commercial dataset copied
hospital,brick_concrete,earthwork,m3/m2,0.65,synthetic industry experience indicator; no commercial dataset copied
hospital,brick_concrete,plaster,m2/m2,1.80,synthetic industry experience indicator; no commercial dataset copied
hospital,brick_concrete,scaffold,m2/m2,1.20,synthetic industry experience indicator; no commercial dataset copied
hospital,frame,steel,t/m2,0.16,synthetic industry experience indicator; no commercial dataset copied
hospital,frame,concrete_foundation,m3/m2,0.40,synthetic industry experience indicator; no commercial dataset copied
hospital,frame,masonry,m3/m2,0.80,synthetic industry experience indicator; no commercial dataset copied
hospital,frame,roof_panel,m2/m2,1.05,synthetic industry experience indicator; no commercial dataset copied
hospital,frame,waterproof,m2/m2,1.50,synthetic industry experience indicator; no commercial dataset copied
hospital,frame,floor_hardening,m2/m2,0.95,synthetic industry experience indicator; no commercial dataset copied
hospital,frame,doors_windows,m2/m2,0.18,synthetic industry experience indicator; no commercial dataset copied
hospital,frame,fire_mep,m2/m2,1.00,synthetic industry experience indicator; no commercial dataset copied
hospital,frame,temporary_facility,m2/m2,0.08,synthetic industry experience indicator; no commercial dataset copied
hospital,frame,earthwork,m3/m2,0.65,synthetic industry experience indicator; no commercial dataset copied
hospital,frame,plaster,m2/m2,1.80,synthetic industry experience indicator; no commercial dataset copied
hospital,frame,scaffold,m2/m2,1.20,synthetic industry experience indicator; no commercial dataset copied
hospital,frame_shear,steel,t/m2,0.16,synthetic industry experience indicator; no commercial dataset copied
hospital,frame_shear,concrete_foundation,m3/m2,0.40,synthetic industry experience indicator; no commercial dataset copied
hospital,frame_shear,masonry,m3/m2,0.80,synthetic industry experience indicator; no commercial dataset copied
hospital,frame_shear,roof_panel,m2/m2,1.05,synthetic industry experience indicator; no commercial dataset copied
hospital,frame_shear,waterproof,m2/m2,1.50,synthetic industry experience indicator; no commercial dataset copied
hospital,frame_shear,floor_hardening,m2/m2,0.95,synthetic industry experience indicator; no commercial dataset copied
hospital,frame_shear,doors_windows,m2/m2,0.18,synthetic industry experience indicator; no commercial dataset copied
hospital,frame_shear,fire_mep,m2/m2,1.00,synthetic industry experience indicator; no commercial dataset copied
hospital,frame_shear,temporary_facility,m2/m2,0.08,synthetic industry experience indicator; no commercial dataset copied
hospital,frame_shear,earthwork,m3/m2,0.65,synthetic industry experience indicator; no commercial dataset copied
hospital,frame_shear,plaster,m2/m2,1.80,synthetic industry experience indicator; no commercial dataset copied
hospital,frame_shear,scaffold,m2/m2,1.20,synthetic industry experience indicator; no commercial dataset copied
hospital,steel,steel,t/m2,0.16,synthetic industry experience indicator; no commercial dataset copied
hospital,steel,concrete_foundation,m3/m2,0.40,synthetic industry experience indicator; no commercial dataset copied
hospital,steel,masonry,m3/m2,0.80,synthetic industry experience indicator; no commercial dataset copied
hospital,steel,roof_panel,m2/m2,1.05,synthetic industry experience indicator; no commercial dataset copied
hospital,steel,waterproof,m2/m2,1.50,synthetic industry experience indicator; no commercial dataset copied
hospital,steel,floor_hardening,m2/m2,0.95,synthetic industry experience indicator; no commercial dataset copied
hospital,steel,doors_windows,m2/m2,0.18,synthetic industry experience indicator; no commercial dataset copied
hospital,steel,fire_mep,m2/m2,1.00,synthetic industry experience indicator; no commercial dataset copied
hospital,steel,temporary_facility,m2/m2,0.08,synthetic industry experience indicator; no commercial dataset copied
hospital,steel,earthwork,m3/m2,0.65,synthetic industry experience indicator; no commercial dataset copied
hospital,steel,plaster,m2/m2,1.80,synthetic industry experience indicator; no commercial dataset copied
hospital,steel,scaffold,m2/m2,1.20,synthetic industry experience indicator; no commercial dataset copied
hospital,prefab,steel,t/m2,0.16,synthetic industry experience indicator; no commercial dataset copied
hospital,prefab,concrete_foundation,m3/m2,0.40,synthetic industry experience indicator; no commercial dataset copied
hospital,prefab,masonry,m3/m2,0.80,synthetic industry experience indicator; no commercial dataset copied
hospital,prefab,roof_panel,m2/m2,1.05,synthetic industry experience indicator; no commercial dataset copied
hospital,prefab,waterproof,m2/m2,1.50,synthetic industry experience indicator; no commercial dataset copied
hospital,prefab,floor_hardening,m2/m2,0.95,synthetic industry experience indicator; no commercial dataset copied
hospital,prefab,doors_windows,m2/m2,0.18,synthetic industry experience indicator; no commercial dataset copied
hospital,prefab,fire_mep,m2/m2,1.00,synthetic industry experience indicator; no commercial dataset copied
hospital,prefab,temporary_facility,m2/m2,0.08,synthetic industry experience indicator; no commercial dataset copied
hospital,prefab,earthwork,m3/m2,0.65,synthetic industry experience indicator; no commercial dataset copied
hospital,prefab,plaster,m2/m2,1.80,synthetic industry experience indicator; no commercial dataset copied
hospital,prefab,scaffold,m2/m2,1.20,synthetic industry experience indicator; no commercial dataset copied
dc,brick_concrete,steel,t/m2,0.16,synthetic industry experience indicator; no commercial dataset copied
dc,brick_concrete,concrete_foundation,m3/m2,0.40,synthetic industry experience indicator; no commercial dataset copied
dc,brick_concrete,masonry,m3/m2,0.80,synthetic industry experience indicator; no commercial dataset copied
dc,brick_concrete,roof_panel,m2/m2,1.05,synthetic industry experience indicator; no commercial dataset copied
dc,brick_concrete,waterproof,m2/m2,1.50,synthetic industry experience indicator; no commercial dataset copied
dc,brick_concrete,floor_hardening,m2/m2,0.95,synthetic industry experience indicator; no commercial dataset copied
dc,brick_concrete,doors_windows,m2/m2,0.18,synthetic industry experience indicator; no commercial dataset copied
dc,brick_concrete,fire_mep,m2/m2,1.00,synthetic industry experience indicator; no commercial dataset copied
dc,brick_concrete,temporary_facility,m2/m2,0.08,synthetic industry experience indicator; no commercial dataset copied
dc,brick_concrete,earthwork,m3/m2,0.65,synthetic industry experience indicator; no commercial dataset copied
dc,brick_concrete,plaster,m2/m2,1.80,synthetic industry experience indicator; no commercial dataset copied
dc,brick_concrete,scaffold,m2/m2,1.20,synthetic industry experience indicator; no commercial dataset copied
dc,frame,steel,t/m2,0.16,synthetic industry experience indicator; no commercial dataset copied
dc,frame,concrete_foundation,m3/m2,0.40,synthetic industry experience indicator; no commercial dataset copied
dc,frame,masonry,m3/m2,0.80,synthetic industry experience indicator; no commercial dataset copied
dc,frame,roof_panel,m2/m2,1.05,synthetic industry experience indicator; no commercial dataset copied
dc,frame,waterproof,m2/m2,1.50,synthetic industry experience indicator; no commercial dataset copied
dc,frame,floor_hardening,m2/m2,0.95,synthetic industry experience indicator; no commercial dataset copied
dc,frame,doors_windows,m2/m2,0.18,synthetic industry experience indicator; no commercial dataset copied
dc,frame,fire_mep,m2/m2,1.00,synthetic industry experience indicator; no commercial dataset copied
dc,frame,temporary_facility,m2/m2,0.08,synthetic industry experience indicator; no commercial dataset copied
dc,frame,earthwork,m3/m2,0.65,synthetic industry experience indicator; no commercial dataset copied
dc,frame,plaster,m2/m2,1.80,synthetic industry experience indicator; no commercial dataset copied
dc,frame,scaffold,m2/m2,1.20,synthetic industry experience indicator; no commercial dataset copied
dc,frame_shear,steel,t/m2,0.16,synthetic industry experience indicator; no commercial dataset copied
dc,frame_shear,concrete_foundation,m3/m2,0.40,synthetic industry experience indicator; no commercial dataset copied
dc,frame_shear,masonry,m3/m2,0.80,synthetic industry experience indicator; no commercial dataset copied
dc,frame_shear,roof_panel,m2/m2,1.05,synthetic industry experience indicator; no commercial dataset copied
dc,frame_shear,waterproof,m2/m2,1.50,synthetic industry experience indicator; no commercial dataset copied
dc,frame_shear,floor_hardening,m2/m2,0.95,synthetic industry experience indicator; no commercial dataset copied
dc,frame_shear,doors_windows,m2/m2,0.18,synthetic industry experience indicator; no commercial dataset copied
dc,frame_shear,fire_mep,m2/m2,1.00,synthetic industry experience indicator; no commercial dataset copied
dc,frame_shear,temporary_facility,m2/m2,0.08,synthetic industry experience indicator; no commercial dataset copied
dc,frame_shear,earthwork,m3/m2,0.65,synthetic industry experience indicator; no commercial dataset copied
dc,frame_shear,plaster,m2/m2,1.80,synthetic industry experience indicator; no commercial dataset copied
dc,frame_shear,scaffold,m2/m2,1.20,synthetic industry experience indicator; no commercial dataset copied
dc,steel,steel,t/m2,0.16,synthetic industry experience indicator; no commercial dataset copied
dc,steel,concrete_foundation,m3/m2,0.40,synthetic industry experience indicator; no commercial dataset copied
dc,steel,masonry,m3/m2,0.80,synthetic industry experience indicator; no commercial dataset copied
dc,steel,roof_panel,m2/m2,1.05,synthetic industry experience indicator; no commercial dataset copied
dc,steel,waterproof,m2/m2,1.50,synthetic industry experience indicator; no commercial dataset copied
dc,steel,floor_hardening,m2/m2,0.95,synthetic industry experience indicator; no commercial dataset copied
dc,steel,doors_windows,m2/m2,0.18,synthetic industry experience indicator; no commercial dataset copied
dc,steel,fire_mep,m2/m2,1.00,synthetic industry experience indicator; no commercial dataset copied
dc,steel,temporary_facility,m2/m2,0.08,synthetic industry experience indicator; no commercial dataset copied
dc,steel,earthwork,m3/m2,0.65,synthetic industry experience indicator; no commercial dataset copied
dc,steel,plaster,m2/m2,1.80,synthetic industry experience indicator; no commercial dataset copied
dc,steel,scaffold,m2/m2,1.20,synthetic industry experience indicator; no commercial dataset copied
dc,prefab,steel,t/m2,0.16,synthetic industry experience indicator; no commercial dataset copied
dc,prefab,concrete_foundation,m3/m2,0.40,synthetic industry experience indicator; no commercial dataset copied
dc,prefab,masonry,m3/m2,0.80,synthetic industry experience indicator; no commercial dataset copied
dc,prefab,roof_panel,m2/m2,1.05,synthetic industry experience indicator; no commercial dataset copied
dc,prefab,waterproof,m2/m2,1.50,synthetic industry experience indicator; no commercial dataset copied
dc,prefab,floor_hardening,m2/m2,0.95,synthetic industry experience indicator; no commercial dataset copied
dc,prefab,doors_windows,m2/m2,0.18,synthetic industry experience indicator; no commercial dataset copied
dc,prefab,fire_mep,m2/m2,1.00,synthetic industry experience indicator; no commercial dataset copied
dc,prefab,temporary_facility,m2/m2,0.08,synthetic industry experience indicator; no commercial dataset copied
dc,prefab,earthwork,m3/m2,0.65,synthetic industry experience indicator; no commercial dataset copied
dc,prefab,plaster,m2/m2,1.80,synthetic industry experience indicator; no commercial dataset copied
dc,prefab,scaffold,m2/m2,1.20,synthetic industry experience indicator; no commercial dataset copied
school,brick_concrete,steel,t/m2,0.16,synthetic industry experience indicator; no commercial dataset copied
school,brick_concrete,concrete_foundation,m3/m2,0.40,synthetic industry experience indicator; no commercial dataset copied
school,brick_concrete,masonry,m3/m2,0.80,synthetic industry experience indicator; no commercial dataset copied
school,brick_concrete,roof_panel,m2/m2,1.05,synthetic industry experience indicator; no commercial dataset copied
school,brick_concrete,waterproof,m2/m2,1.50,synthetic industry experience indicator; no commercial dataset copied
school,brick_concrete,floor_hardening,m2/m2,0.95,synthetic industry experience indicator; no commercial dataset copied
school,brick_concrete,doors_windows,m2/m2,0.18,synthetic industry experience indicator; no commercial dataset copied
school,brick_concrete,fire_mep,m2/m2,1.00,synthetic industry experience indicator; no commercial dataset copied
school,brick_concrete,temporary_facility,m2/m2,0.08,synthetic industry experience indicator; no commercial dataset copied
school,brick_concrete,earthwork,m3/m2,0.65,synthetic industry experience indicator; no commercial dataset copied
school,brick_concrete,plaster,m2/m2,1.80,synthetic industry experience indicator; no commercial dataset copied
school,brick_concrete,scaffold,m2/m2,1.20,synthetic industry experience indicator; no commercial dataset copied
school,frame,steel,t/m2,0.16,synthetic industry experience indicator; no commercial dataset copied
school,frame,concrete_foundation,m3/m2,0.40,synthetic industry experience indicator; no commercial dataset copied
school,frame,masonry,m3/m2,0.80,synthetic industry experience indicator; no commercial dataset copied
school,frame,roof_panel,m2/m2,1.05,synthetic industry experience indicator; no commercial dataset copied
school,frame,waterproof,m2/m2,1.50,synthetic industry experience indicator; no commercial dataset copied
school,frame,floor_hardening,m2/m2,0.95,synthetic industry experience indicator; no commercial dataset copied
school,frame,doors_windows,m2/m2,0.18,synthetic industry experience indicator; no commercial dataset copied
school,frame,fire_mep,m2/m2,1.00,synthetic industry experience indicator; no commercial dataset copied
school,frame,temporary_facility,m2/m2,0.08,synthetic industry experience indicator; no commercial dataset copied
school,frame,earthwork,m3/m2,0.65,synthetic industry experience indicator; no commercial dataset copied
school,frame,plaster,m2/m2,1.80,synthetic industry experience indicator; no commercial dataset copied
school,frame,scaffold,m2/m2,1.20,synthetic industry experience indicator; no commercial dataset copied
school,frame_shear,steel,t/m2,0.16,synthetic industry experience indicator; no commercial dataset copied
school,frame_shear,concrete_foundation,m3/m2,0.40,synthetic industry experience indicator; no commercial dataset copied
school,frame_shear,masonry,m3/m2,0.80,synthetic industry experience indicator; no commercial dataset copied
school,frame_shear,roof_panel,m2/m2,1.05,synthetic industry experience indicator; no commercial dataset copied
school,frame_shear,waterproof,m2/m2,1.50,synthetic industry experience indicator; no commercial dataset copied
school,frame_shear,floor_hardening,m2/m2,0.95,synthetic industry experience indicator; no commercial dataset copied
school,frame_shear,doors_windows,m2/m2,0.18,synthetic industry experience indicator; no commercial dataset copied
school,frame_shear,fire_mep,m2/m2,1.00,synthetic industry experience indicator; no commercial dataset copied
school,frame_shear,temporary_facility,m2/m2,0.08,synthetic industry experience indicator; no commercial dataset copied
school,frame_shear,earthwork,m3/m2,0.65,synthetic industry experience indicator; no commercial dataset copied
school,frame_shear,plaster,m2/m2,1.80,synthetic industry experience indicator; no commercial dataset copied
school,frame_shear,scaffold,m2/m2,1.20,synthetic industry experience indicator; no commercial dataset copied
school,steel,steel,t/m2,0.16,synthetic industry experience indicator; no commercial dataset copied
school,steel,concrete_foundation,m3/m2,0.40,synthetic industry experience indicator; no commercial dataset copied
school,steel,masonry,m3/m2,0.80,synthetic industry experience indicator; no commercial dataset copied
school,steel,roof_panel,m2/m2,1.05,synthetic industry experience indicator; no commercial dataset copied
school,steel,waterproof,m2/m2,1.50,synthetic industry experience indicator; no commercial dataset copied
school,steel,floor_hardening,m2/m2,0.95,synthetic industry experience indicator; no commercial dataset copied
school,steel,doors_windows,m2/m2,0.18,synthetic industry experience indicator; no commercial dataset copied
school,steel,fire_mep,m2/m2,1.00,synthetic industry experience indicator; no commercial dataset copied
school,steel,temporary_facility,m2/m2,0.08,synthetic industry experience indicator; no commercial dataset copied
school,steel,earthwork,m3/m2,0.65,synthetic industry experience indicator; no commercial dataset copied
school,steel,plaster,m2/m2,1.80,synthetic industry experience indicator; no commercial dataset copied
school,steel,scaffold,m2/m2,1.20,synthetic industry experience indicator; no commercial dataset copied
school,prefab,steel,t/m2,0.16,synthetic industry experience indicator; no commercial dataset copied
school,prefab,concrete_foundation,m3/m2,0.40,synthetic industry experience indicator; no commercial dataset copied
school,prefab,masonry,m3/m2,0.80,synthetic industry experience indicator; no commercial dataset copied
school,prefab,roof_panel,m2/m2,1.05,synthetic industry experience indicator; no commercial dataset copied
school,prefab,waterproof,m2/m2,1.50,synthetic industry experience indicator; no commercial dataset copied
school,prefab,floor_hardening,m2/m2,0.95,synthetic industry experience indicator; no commercial dataset copied
school,prefab,doors_windows,m2/m2,0.18,synthetic industry experience indicator; no commercial dataset copied
school,prefab,fire_mep,m2/m2,1.00,synthetic industry experience indicator; no commercial dataset copied
school,prefab,temporary_facility,m2/m2,0.08,synthetic industry experience indicator; no commercial dataset copied
school,prefab,earthwork,m3/m2,0.65,synthetic industry experience indicator; no commercial dataset copied
school,prefab,plaster,m2/m2,1.80,synthetic industry experience indicator; no commercial dataset copied
school,prefab,scaffold,m2/m2,1.20,synthetic industry experience indicator; no commercial dataset copied
warehouse,brick_concrete,steel,t/m2,0.16,synthetic industry experience indicator; no commercial dataset copied
warehouse,brick_concrete,concrete_foundation,m3/m2,0.40,synthetic industry experience indicator; no commercial dataset copied
warehouse,brick_concrete,masonry,m3/m2,0.80,synthetic industry experience indicator; no commercial dataset copied
warehouse,brick_concrete,roof_panel,m2/m2,1.05,synthetic industry experience indicator; no commercial dataset copied
warehouse,brick_concrete,waterproof,m2/m2,1.50,synthetic industry experience indicator; no commercial dataset copied
warehouse,brick_concrete,floor_hardening,m2/m2,0.95,synthetic industry experience indicator; no commercial dataset copied
warehouse,brick_concrete,doors_windows,m2/m2,0.18,synthetic industry experience indicator; no commercial dataset copied
warehouse,brick_concrete,fire_mep,m2/m2,1.00,synthetic industry experience indicator; no commercial dataset copied
warehouse,brick_concrete,temporary_facility,m2/m2,0.08,synthetic industry experience indicator; no commercial dataset copied
warehouse,brick_concrete,earthwork,m3/m2,0.65,synthetic industry experience indicator; no commercial dataset copied
warehouse,brick_concrete,plaster,m2/m2,1.80,synthetic industry experience indicator; no commercial dataset copied
warehouse,brick_concrete,scaffold,m2/m2,1.20,synthetic industry experience indicator; no commercial dataset copied
warehouse,frame,steel,t/m2,0.16,synthetic industry experience indicator; no commercial dataset copied
warehouse,frame,concrete_foundation,m3/m2,0.40,synthetic industry experience indicator; no commercial dataset copied
warehouse,frame,masonry,m3/m2,0.80,synthetic industry experience indicator; no commercial dataset copied
warehouse,frame,roof_panel,m2/m2,1.05,synthetic industry experience indicator; no commercial dataset copied
warehouse,frame,waterproof,m2/m2,1.50,synthetic industry experience indicator; no commercial dataset copied
warehouse,frame,floor_hardening,m2/m2,0.95,synthetic industry experience indicator; no commercial dataset copied
warehouse,frame,doors_windows,m2/m2,0.18,synthetic industry experience indicator; no commercial dataset copied
warehouse,frame,fire_mep,m2/m2,1.00,synthetic industry experience indicator; no commercial dataset copied
warehouse,frame,temporary_facility,m2/m2,0.08,synthetic industry experience indicator; no commercial dataset copied
warehouse,frame,earthwork,m3/m2,0.65,synthetic industry experience indicator; no commercial dataset copied
warehouse,frame,plaster,m2/m2,1.80,synthetic industry experience indicator; no commercial dataset copied
warehouse,frame,scaffold,m2/m2,1.20,synthetic industry experience indicator; no commercial dataset copied
warehouse,frame_shear,steel,t/m2,0.16,synthetic industry experience indicator; no commercial dataset copied
warehouse,frame_shear,concrete_foundation,m3/m2,0.40,synthetic industry experience indicator; no commercial dataset copied
warehouse,frame_shear,masonry,m3/m2,0.80,synthetic industry experience indicator; no commercial dataset copied
warehouse,frame_shear,roof_panel,m2/m2,1.05,synthetic industry experience indicator; no commercial dataset copied
warehouse,frame_shear,waterproof,m2/m2,1.50,synthetic industry experience indicator; no commercial dataset copied
warehouse,frame_shear,floor_hardening,m2/m2,0.95,synthetic industry experience indicator; no commercial dataset copied
warehouse,frame_shear,doors_windows,m2/m2,0.18,synthetic industry experience indicator; no commercial dataset copied
warehouse,frame_shear,fire_mep,m2/m2,1.00,synthetic industry experience indicator; no commercial dataset copied
warehouse,frame_shear,temporary_facility,m2/m2,0.08,synthetic industry experience indicator; no commercial dataset copied
warehouse,frame_shear,earthwork,m3/m2,0.65,synthetic industry experience indicator; no commercial dataset copied
warehouse,frame_shear,plaster,m2/m2,1.80,synthetic industry experience indicator; no commercial dataset copied
warehouse,frame_shear,scaffold,m2/m2,1.20,synthetic industry experience indicator; no commercial dataset copied
warehouse,steel,steel,t/m2,0.16,synthetic industry experience indicator; no commercial dataset copied
warehouse,steel,concrete_foundation,m3/m2,0.40,synthetic industry experience indicator; no commercial dataset copied
warehouse,steel,masonry,m3/m2,0.80,synthetic industry experience indicator; no commercial dataset copied
warehouse,steel,roof_panel,m2/m2,1.05,synthetic industry experience indicator; no commercial dataset copied
warehouse,steel,waterproof,m2/m2,1.50,synthetic industry experience indicator; no commercial dataset copied
warehouse,steel,floor_hardening,m2/m2,0.95,synthetic industry experience indicator; no commercial dataset copied
warehouse,steel,doors_windows,m2/m2,0.18,synthetic industry experience indicator; no commercial dataset copied
warehouse,steel,fire_mep,m2/m2,1.00,synthetic industry experience indicator; no commercial dataset copied
warehouse,steel,temporary_facility,m2/m2,0.08,synthetic industry experience indicator; no commercial dataset copied
warehouse,steel,earthwork,m3/m2,0.65,synthetic industry experience indicator; no commercial dataset copied
warehouse,steel,plaster,m2/m2,1.80,synthetic industry experience indicator; no commercial dataset copied
warehouse,steel,scaffold,m2/m2,1.20,synthetic industry experience indicator; no commercial dataset copied
warehouse,prefab,steel,t/m2,0.16,synthetic industry experience indicator; no commercial dataset copied
warehouse,prefab,concrete_foundation,m3/m2,0.40,synthetic industry experience indicator; no commercial dataset copied
warehouse,prefab,masonry,m3/m2,0.80,synthetic industry experience indicator; no commercial dataset copied
warehouse,prefab,roof_panel,m2/m2,1.05,synthetic industry experience indicator; no commercial dataset copied
warehouse,prefab,waterproof,m2/m2,1.50,synthetic industry experience indicator; no commercial dataset copied
warehouse,prefab,floor_hardening,m2/m2,0.95,synthetic industry experience indicator; no commercial dataset copied
warehouse,prefab,doors_windows,m2/m2,0.18,synthetic industry experience indicator; no commercial dataset copied
warehouse,prefab,fire_mep,m2/m2,1.00,synthetic industry experience indicator; no commercial dataset copied
warehouse,prefab,temporary_facility,m2/m2,0.08,synthetic industry experience indicator; no commercial dataset copied
warehouse,prefab,earthwork,m3/m2,0.65,synthetic industry experience indicator; no commercial dataset copied
warehouse,prefab,plaster,m2/m2,1.80,synthetic industry experience indicator; no commercial dataset copied
warehouse,prefab,scaffold,m2/m2,1.20,synthetic industry experience indicator; no commercial dataset copied
mall,brick_concrete,steel,t/m2,0.16,synthetic industry experience indicator; no commercial dataset copied
mall,brick_concrete,concrete_foundation,m3/m2,0.40,synthetic industry experience indicator; no commercial dataset copied
mall,brick_concrete,masonry,m3/m2,0.80,synthetic industry experience indicator; no commercial dataset copied
mall,brick_concrete,roof_panel,m2/m2,1.05,synthetic industry experience indicator; no commercial dataset copied
mall,brick_concrete,waterproof,m2/m2,1.50,synthetic industry experience indicator; no commercial dataset copied
mall,brick_concrete,floor_hardening,m2/m2,0.95,synthetic industry experience indicator; no commercial dataset copied
mall,brick_concrete,doors_windows,m2/m2,0.18,synthetic industry experience indicator; no commercial dataset copied
mall,brick_concrete,fire_mep,m2/m2,1.00,synthetic industry experience indicator; no commercial dataset copied
mall,brick_concrete,temporary_facility,m2/m2,0.08,synthetic industry experience indicator; no commercial dataset copied
mall,brick_concrete,earthwork,m3/m2,0.65,synthetic industry experience indicator; no commercial dataset copied
mall,brick_concrete,plaster,m2/m2,1.80,synthetic industry experience indicator; no commercial dataset copied
mall,brick_concrete,scaffold,m2/m2,1.20,synthetic industry experience indicator; no commercial dataset copied
mall,frame,steel,t/m2,0.16,synthetic industry experience indicator; no commercial dataset copied
mall,frame,concrete_foundation,m3/m2,0.40,synthetic industry experience indicator; no commercial dataset copied
mall,frame,masonry,m3/m2,0.80,synthetic industry experience indicator; no commercial dataset copied
mall,frame,roof_panel,m2/m2,1.05,synthetic industry experience indicator; no commercial dataset copied
mall,frame,waterproof,m2/m2,1.50,synthetic industry experience indicator; no commercial dataset copied
mall,frame,floor_hardening,m2/m2,0.95,synthetic industry experience indicator; no commercial dataset copied
mall,frame,doors_windows,m2/m2,0.18,synthetic industry experience indicator; no commercial dataset copied
mall,frame,fire_mep,m2/m2,1.00,synthetic industry experience indicator; no commercial dataset copied
mall,frame,temporary_facility,m2/m2,0.08,synthetic industry experience indicator; no commercial dataset copied
mall,frame,earthwork,m3/m2,0.65,synthetic industry experience indicator; no commercial dataset copied
mall,frame,plaster,m2/m2,1.80,synthetic industry experience indicator; no commercial dataset copied
mall,frame,scaffold,m2/m2,1.20,synthetic industry experience indicator; no commercial dataset copied
mall,frame_shear,steel,t/m2,0.16,synthetic industry experience indicator; no commercial dataset copied
mall,frame_shear,concrete_foundation,m3/m2,0.40,synthetic industry experience indicator; no commercial dataset copied
mall,frame_shear,masonry,m3/m2,0.80,synthetic industry experience indicator; no commercial dataset copied
mall,frame_shear,roof_panel,m2/m2,1.05,synthetic industry experience indicator; no commercial dataset copied
mall,frame_shear,waterproof,m2/m2,1.50,synthetic industry experience indicator; no commercial dataset copied
mall,frame_shear,floor_hardening,m2/m2,0.95,synthetic industry experience indicator; no commercial dataset copied
mall,frame_shear,doors_windows,m2/m2,0.18,synthetic industry experience indicator; no commercial dataset copied
mall,frame_shear,fire_mep,m2/m2,1.00,synthetic industry experience indicator; no commercial dataset copied
mall,frame_shear,temporary_facility,m2/m2,0.08,synthetic industry experience indicator; no commercial dataset copied
mall,frame_shear,earthwork,m3/m2,0.65,synthetic industry experience indicator; no commercial dataset copied
mall,frame_shear,plaster,m2/m2,1.80,synthetic industry experience indicator; no commercial dataset copied
mall,frame_shear,scaffold,m2/m2,1.20,synthetic industry experience indicator; no commercial dataset copied
mall,steel,steel,t/m2,0.16,synthetic industry experience indicator; no commercial dataset copied
mall,steel,concrete_foundation,m3/m2,0.40,synthetic industry experience indicator; no commercial dataset copied
mall,steel,masonry,m3/m2,0.80,synthetic industry experience indicator; no commercial dataset copied
mall,steel,roof_panel,m2/m2,1.05,synthetic industry experience indicator; no commercial dataset copied
mall,steel,waterproof,m2/m2,1.50,synthetic industry experience indicator; no commercial dataset copied
mall,steel,floor_hardening,m2/m2,0.95,synthetic industry experience indicator; no commercial dataset copied
mall,steel,doors_windows,m2/m2,0.18,synthetic industry experience indicator; no commercial dataset copied
mall,steel,fire_mep,m2/m2,1.00,synthetic industry experience indicator; no commercial dataset copied
mall,steel,temporary_facility,m2/m2,0.08,synthetic industry experience indicator; no commercial dataset copied
mall,steel,earthwork,m3/m2,0.65,synthetic industry experience indicator; no commercial dataset copied
mall,steel,plaster,m2/m2,1.80,synthetic industry experience indicator; no commercial dataset copied
mall,steel,scaffold,m2/m2,1.20,synthetic industry experience indicator; no commercial dataset copied
mall,prefab,steel,t/m2,0.16,synthetic industry experience indicator; no commercial dataset copied
mall,prefab,concrete_foundation,m3/m2,0.40,synthetic industry experience indicator; no commercial dataset copied
mall,prefab,masonry,m3/m2,0.80,synthetic industry experience indicator; no commercial dataset copied
mall,prefab,roof_panel,m2/m2,1.05,synthetic industry experience indicator; no commercial dataset copied
mall,prefab,waterproof,m2/m2,1.50,synthetic industry experience indicator; no commercial dataset copied
mall,prefab,floor_hardening,m2/m2,0.95,synthetic industry experience indicator; no commercial dataset copied
mall,prefab,doors_windows,m2/m2,0.18,synthetic industry experience indicator; no commercial dataset copied
mall,prefab,fire_mep,m2/m2,1.00,synthetic industry experience indicator; no commercial dataset copied
mall,prefab,temporary_facility,m2/m2,0.08,synthetic industry experience indicator; no commercial dataset copied
mall,prefab,earthwork,m3/m2,0.65,synthetic industry experience indicator; no commercial dataset copied
mall,prefab,plaster,m2/m2,1.80,synthetic industry experience indicator; no commercial dataset copied
mall,prefab,scaffold,m2/m2,1.20,synthetic industry experience indicator; no commercial dataset copied
parking,brick_concrete,steel,t/m2,0.16,synthetic industry experience indicator; no commercial dataset copied
parking,brick_concrete,concrete_foundation,m3/m2,0.40,synthetic industry experience indicator; no commercial dataset copied
parking,brick_concrete,masonry,m3/m2,0.80,synthetic industry experience indicator; no commercial dataset copied
parking,brick_concrete,roof_panel,m2/m2,1.05,synthetic industry experience indicator; no commercial dataset copied
parking,brick_concrete,waterproof,m2/m2,1.50,synthetic industry experience indicator; no commercial dataset copied
parking,brick_concrete,floor_hardening,m2/m2,0.95,synthetic industry experience indicator; no commercial dataset copied
parking,brick_concrete,doors_windows,m2/m2,0.18,synthetic industry experience indicator; no commercial dataset copied
parking,brick_concrete,fire_mep,m2/m2,1.00,synthetic industry experience indicator; no commercial dataset copied
parking,brick_concrete,temporary_facility,m2/m2,0.08,synthetic industry experience indicator; no commercial dataset copied
parking,brick_concrete,earthwork,m3/m2,0.65,synthetic industry experience indicator; no commercial dataset copied
parking,brick_concrete,plaster,m2/m2,1.80,synthetic industry experience indicator; no commercial dataset copied
parking,brick_concrete,scaffold,m2/m2,1.20,synthetic industry experience indicator; no commercial dataset copied
parking,frame,steel,t/m2,0.16,synthetic industry experience indicator; no commercial dataset copied
parking,frame,concrete_foundation,m3/m2,0.40,synthetic industry experience indicator; no commercial dataset copied
parking,frame,masonry,m3/m2,0.80,synthetic industry experience indicator; no commercial dataset copied
parking,frame,roof_panel,m2/m2,1.05,synthetic industry experience indicator; no commercial dataset copied
parking,frame,waterproof,m2/m2,1.50,synthetic industry experience indicator; no commercial dataset copied
parking,frame,floor_hardening,m2/m2,0.95,synthetic industry experience indicator; no commercial dataset copied
parking,frame,doors_windows,m2/m2,0.18,synthetic industry experience indicator; no commercial dataset copied
parking,frame,fire_mep,m2/m2,1.00,synthetic industry experience indicator; no commercial dataset copied
parking,frame,temporary_facility,m2/m2,0.08,synthetic industry experience indicator; no commercial dataset copied
parking,frame,earthwork,m3/m2,0.65,synthetic industry experience indicator; no commercial dataset copied
parking,frame,plaster,m2/m2,1.80,synthetic industry experience indicator; no commercial dataset copied
parking,frame,scaffold,m2/m2,1.20,synthetic industry experience indicator; no commercial dataset copied
parking,frame_shear,steel,t/m2,0.16,synthetic industry experience indicator; no commercial dataset copied
parking,frame_shear,concrete_foundation,m3/m2,0.40,synthetic industry experience indicator; no commercial dataset copied
parking,frame_shear,masonry,m3/m2,0.80,synthetic industry experience indicator; no commercial dataset copied
parking,frame_shear,roof_panel,m2/m2,1.05,synthetic industry experience indicator; no commercial dataset copied
parking,frame_shear,waterproof,m2/m2,1.50,synthetic industry experience indicator; no commercial dataset copied
parking,frame_shear,floor_hardening,m2/m2,0.95,synthetic industry experience indicator; no commercial dataset copied
parking,frame_shear,doors_windows,m2/m2,0.18,synthetic industry experience indicator; no commercial dataset copied
parking,frame_shear,fire_mep,m2/m2,1.00,synthetic industry experience indicator; no commercial dataset copied
parking,frame_shear,temporary_facility,m2/m2,0.08,synthetic industry experience indicator; no commercial dataset copied
parking,frame_shear,earthwork,m3/m2,0.65,synthetic industry experience indicator; no commercial dataset copied
parking,frame_shear,plaster,m2/m2,1.80,synthetic industry experience indicator; no commercial dataset copied
parking,frame_shear,scaffold,m2/m2,1.20,synthetic industry experience indicator; no commercial dataset copied
parking,steel,steel,t/m2,0.16,synthetic industry experience indicator; no commercial dataset copied
parking,steel,concrete_foundation,m3/m2,0.40,synthetic industry experience indicator; no commercial dataset copied
parking,steel,masonry,m3/m2,0.80,synthetic industry experience indicator; no commercial dataset copied
parking,steel,roof_panel,m2/m2,1.05,synthetic industry experience indicator; no commercial dataset copied
parking,steel,waterproof,m2/m2,1.50,synthetic industry experience indicator; no commercial dataset copied
parking,steel,floor_hardening,m2/m2,0.95,synthetic industry experience indicator; no commercial dataset copied
parking,steel,doors_windows,m2/m2,0.18,synthetic industry experience indicator; no commercial dataset copied
parking,steel,fire_mep,m2/m2,1.00,synthetic industry experience indicator; no commercial dataset copied
parking,steel,temporary_facility,m2/m2,0.08,synthetic industry experience indicator; no commercial dataset copied
parking,steel,earthwork,m3/m2,0.65,synthetic industry experience indicator; no commercial dataset copied
parking,steel,plaster,m2/m2,1.80,synthetic industry experience indicator; no commercial dataset copied
parking,steel,scaffold,m2/m2,1.20,synthetic industry experience indicator; no commercial dataset copied
parking,prefab,steel,t/m2,0.16,synthetic industry experience indicator; no commercial dataset copied
parking,prefab,concrete_foundation,m3/m2,0.40,synthetic industry experience indicator; no commercial dataset copied
parking,prefab,masonry,m3/m2,0.80,synthetic industry experience indicator; no commercial dataset copied
parking,prefab,roof_panel,m2/m2,1.05,synthetic industry experience indicator; no commercial dataset copied
parking,prefab,waterproof,m2/m2,1.50,synthetic industry experience indicator; no commercial dataset copied
parking,prefab,floor_hardening,m2/m2,0.95,synthetic industry experience indicator; no commercial dataset copied
parking,prefab,doors_windows,m2/m2,0.18,synthetic industry experience indicator; no commercial dataset copied
parking,prefab,fire_mep,m2/m2,1.00,synthetic industry experience indicator; no commercial dataset copied
parking,prefab,temporary_facility,m2/m2,0.08,synthetic industry experience indicator; no commercial dataset copied
parking,prefab,earthwork,m3/m2,0.65,synthetic industry experience indicator; no commercial dataset copied
parking,prefab,plaster,m2/m2,1.80,synthetic industry experience indicator; no commercial dataset copied
parking,prefab,scaffold,m2/m2,1.20,synthetic industry experience indicator; no commercial dataset copied
logistics,brick_concrete,steel,t/m2,0.16,synthetic industry experience indicator; no commercial dataset copied
logistics,brick_concrete,concrete_foundation,m3/m2,0.40,synthetic industry experience indicator; no commercial dataset copied
logistics,brick_concrete,masonry,m3/m2,0.80,synthetic industry experience indicator; no commercial dataset copied
logistics,brick_concrete,roof_panel,m2/m2,1.05,synthetic industry experience indicator; no commercial dataset copied
logistics,brick_concrete,waterproof,m2/m2,1.50,synthetic industry experience indicator; no commercial dataset copied
logistics,brick_concrete,floor_hardening,m2/m2,0.95,synthetic industry experience indicator; no commercial dataset copied
logistics,brick_concrete,doors_windows,m2/m2,0.18,synthetic industry experience indicator; no commercial dataset copied
logistics,brick_concrete,fire_mep,m2/m2,1.00,synthetic industry experience indicator; no commercial dataset copied
logistics,brick_concrete,temporary_facility,m2/m2,0.08,synthetic industry experience indicator; no commercial dataset copied
logistics,brick_concrete,earthwork,m3/m2,0.65,synthetic industry experience indicator; no commercial dataset copied
logistics,brick_concrete,plaster,m2/m2,1.80,synthetic industry experience indicator; no commercial dataset copied
logistics,brick_concrete,scaffold,m2/m2,1.20,synthetic industry experience indicator; no commercial dataset copied
logistics,frame,steel,t/m2,0.16,synthetic industry experience indicator; no commercial dataset copied
logistics,frame,concrete_foundation,m3/m2,0.40,synthetic industry experience indicator; no commercial dataset copied
logistics,frame,masonry,m3/m2,0.80,synthetic industry experience indicator; no commercial dataset copied
logistics,frame,roof_panel,m2/m2,1.05,synthetic industry experience indicator; no commercial dataset copied
logistics,frame,waterproof,m2/m2,1.50,synthetic industry experience indicator; no commercial dataset copied
logistics,frame,floor_hardening,m2/m2,0.95,synthetic industry experience indicator; no commercial dataset copied
logistics,frame,doors_windows,m2/m2,0.18,synthetic industry experience indicator; no commercial dataset copied
logistics,frame,fire_mep,m2/m2,1.00,synthetic industry experience indicator; no commercial dataset copied
logistics,frame,temporary_facility,m2/m2,0.08,synthetic industry experience indicator; no commercial dataset copied
logistics,frame,earthwork,m3/m2,0.65,synthetic industry experience indicator; no commercial dataset copied
logistics,frame,plaster,m2/m2,1.80,synthetic industry experience indicator; no commercial dataset copied
logistics,frame,scaffold,m2/m2,1.20,synthetic industry experience indicator; no commercial dataset copied
logistics,frame_shear,steel,t/m2,0.16,synthetic industry experience indicator; no commercial dataset copied
logistics,frame_shear,concrete_foundation,m3/m2,0.40,synthetic industry experience indicator; no commercial dataset copied
logistics,frame_shear,masonry,m3/m2,0.80,synthetic industry experience indicator; no commercial dataset copied
logistics,frame_shear,roof_panel,m2/m2,1.05,synthetic industry experience indicator; no commercial dataset copied
logistics,frame_shear,waterproof,m2/m2,1.50,synthetic industry experience indicator; no commercial dataset copied
logistics,frame_shear,floor_hardening,m2/m2,0.95,synthetic industry experience indicator; no commercial dataset copied
logistics,frame_shear,doors_windows,m2/m2,0.18,synthetic industry experience indicator; no commercial dataset copied
logistics,frame_shear,fire_mep,m2/m2,1.00,synthetic industry experience indicator; no commercial dataset copied
logistics,frame_shear,temporary_facility,m2/m2,0.08,synthetic industry experience indicator; no commercial dataset copied
logistics,frame_shear,earthwork,m3/m2,0.65,synthetic industry experience indicator; no commercial dataset copied
logistics,frame_shear,plaster,m2/m2,1.80,synthetic industry experience indicator; no commercial dataset copied
logistics,frame_shear,scaffold,m2/m2,1.20,synthetic industry experience indicator; no commercial dataset copied
logistics,steel,steel,t/m2,0.16,synthetic industry experience indicator; no commercial dataset copied
logistics,steel,concrete_foundation,m3/m2,0.40,synthetic industry experience indicator; no commercial dataset copied
logistics,steel,masonry,m3/m2,0.80,synthetic industry experience indicator; no commercial dataset copied
logistics,steel,roof_panel,m2/m2,1.05,synthetic industry experience indicator; no commercial dataset copied
logistics,steel,waterproof,m2/m2,1.50,synthetic industry experience indicator; no commercial dataset copied
logistics,steel,floor_hardening,m2/m2,0.95,synthetic industry experience indicator; no commercial dataset copied
logistics,steel,doors_windows,m2/m2,0.18,synthetic industry experience indicator; no commercial dataset copied
logistics,steel,fire_mep,m2/m2,1.00,synthetic industry experience indicator; no commercial dataset copied
logistics,steel,temporary_facility,m2/m2,0.08,synthetic industry experience indicator; no commercial dataset copied
logistics,steel,earthwork,m3/m2,0.65,synthetic industry experience indicator; no commercial dataset copied
logistics,steel,plaster,m2/m2,1.80,synthetic industry experience indicator; no commercial dataset copied
logistics,steel,scaffold,m2/m2,1.20,synthetic industry experience indicator; no commercial dataset copied
logistics,prefab,steel,t/m2,0.16,synthetic industry experience indicator; no commercial dataset copied
logistics,prefab,concrete_foundation,m3/m2,0.40,synthetic industry experience indicator; no commercial dataset copied
logistics,prefab,masonry,m3/m2,0.80,synthetic industry experience indicator; no commercial dataset copied
logistics,prefab,roof_panel,m2/m2,1.05,synthetic industry experience indicator; no commercial dataset copied
logistics,prefab,waterproof,m2/m2,1.50,synthetic industry experience indicator; no commercial dataset copied
logistics,prefab,floor_hardening,m2/m2,0.95,synthetic industry experience indicator; no commercial dataset copied
logistics,prefab,doors_windows,m2/m2,0.18,synthetic industry experience indicator; no commercial dataset copied
logistics,prefab,fire_mep,m2/m2,1.00,synthetic industry experience indicator; no commercial dataset copied
logistics,prefab,temporary_facility,m2/m2,0.08,synthetic industry experience indicator; no commercial dataset copied
logistics,prefab,earthwork,m3/m2,0.65,synthetic industry experience indicator; no commercial dataset copied
logistics,prefab,plaster,m2/m2,1.80,synthetic industry experience indicator; no commercial dataset copied
logistics,prefab,scaffold,m2/m2,1.20,synthetic industry experience indicator; no commercial dataset copied
municipal,brick_concrete,steel,t/m2,0.16,synthetic industry experience indicator; no commercial dataset copied
municipal,brick_concrete,concrete_foundation,m3/m2,0.40,synthetic industry experience indicator; no commercial dataset copied
municipal,brick_concrete,masonry,m3/m2,0.80,synthetic industry experience indicator; no commercial dataset copied
municipal,brick_concrete,roof_panel,m2/m2,1.05,synthetic industry experience indicator; no commercial dataset copied
municipal,brick_concrete,waterproof,m2/m2,1.50,synthetic industry experience indicator; no commercial dataset copied
municipal,brick_concrete,floor_hardening,m2/m2,0.95,synthetic industry experience indicator; no commercial dataset copied
municipal,brick_concrete,doors_windows,m2/m2,0.18,synthetic industry experience indicator; no commercial dataset copied
municipal,brick_concrete,fire_mep,m2/m2,1.00,synthetic industry experience indicator; no commercial dataset copied
municipal,brick_concrete,temporary_facility,m2/m2,0.08,synthetic industry experience indicator; no commercial dataset copied
municipal,brick_concrete,earthwork,m3/m2,0.65,synthetic industry experience indicator; no commercial dataset copied
municipal,brick_concrete,plaster,m2/m2,1.80,synthetic industry experience indicator; no commercial dataset copied
municipal,brick_concrete,scaffold,m2/m2,1.20,synthetic industry experience indicator; no commercial dataset copied
municipal,frame,steel,t/m2,0.16,synthetic industry experience indicator; no commercial dataset copied
municipal,frame,concrete_foundation,m3/m2,0.40,synthetic industry experience indicator; no commercial dataset copied
municipal,frame,masonry,m3/m2,0.80,synthetic industry experience indicator; no commercial dataset copied
municipal,frame,roof_panel,m2/m2,1.05,synthetic industry experience indicator; no commercial dataset copied
municipal,frame,waterproof,m2/m2,1.50,synthetic industry experience indicator; no commercial dataset copied
municipal,frame,floor_hardening,m2/m2,0.95,synthetic industry experience indicator; no commercial dataset copied
municipal,frame,doors_windows,m2/m2,0.18,synthetic industry experience indicator; no commercial dataset copied
municipal,frame,fire_mep,m2/m2,1.00,synthetic industry experience indicator; no commercial dataset copied
municipal,frame,temporary_facility,m2/m2,0.08,synthetic industry experience indicator; no commercial dataset copied
municipal,frame,earthwork,m3/m2,0.65,synthetic industry experience indicator; no commercial dataset copied
municipal,frame,plaster,m2/m2,1.80,synthetic industry experience indicator; no commercial dataset copied
municipal,frame,scaffold,m2/m2,1.20,synthetic industry experience indicator; no commercial dataset copied
municipal,frame_shear,steel,t/m2,0.16,synthetic industry experience indicator; no commercial dataset copied
municipal,frame_shear,concrete_foundation,m3/m2,0.40,synthetic industry experience indicator; no commercial dataset copied
municipal,frame_shear,masonry,m3/m2,0.80,synthetic industry experience indicator; no commercial dataset copied
municipal,frame_shear,roof_panel,m2/m2,1.05,synthetic industry experience indicator; no commercial dataset copied
municipal,frame_shear,waterproof,m2/m2,1.50,synthetic industry experience indicator; no commercial dataset copied
municipal,frame_shear,floor_hardening,m2/m2,0.95,synthetic industry experience indicator; no commercial dataset copied
municipal,frame_shear,doors_windows,m2/m2,0.18,synthetic industry experience indicator; no commercial dataset copied
municipal,frame_shear,fire_mep,m2/m2,1.00,synthetic industry experience indicator; no commercial dataset copied
municipal,frame_shear,temporary_facility,m2/m2,0.08,synthetic industry experience indicator; no commercial dataset copied
municipal,frame_shear,earthwork,m3/m2,0.65,synthetic industry experience indicator; no commercial dataset copied
municipal,frame_shear,plaster,m2/m2,1.80,synthetic industry experience indicator; no commercial dataset copied
municipal,frame_shear,scaffold,m2/m2,1.20,synthetic industry experience indicator; no commercial dataset copied
municipal,steel,steel,t/m2,0.16,synthetic industry experience indicator; no commercial dataset copied
municipal,steel,concrete_foundation,m3/m2,0.40,synthetic industry experience indicator; no commercial dataset copied
municipal,steel,masonry,m3/m2,0.80,synthetic industry experience indicator; no commercial dataset copied
municipal,steel,roof_panel,m2/m2,1.05,synthetic industry experience indicator; no commercial dataset copied
municipal,steel,waterproof,m2/m2,1.50,synthetic industry experience indicator; no commercial dataset copied
municipal,steel,floor_hardening,m2/m2,0.95,synthetic industry experience indicator; no commercial dataset copied
municipal,steel,doors_windows,m2/m2,0.18,synthetic industry experience indicator; no commercial dataset copied
municipal,steel,fire_mep,m2/m2,1.00,synthetic industry experience indicator; no commercial dataset copied
municipal,steel,temporary_facility,m2/m2,0.08,synthetic industry experience indicator; no commercial dataset copied
municipal,steel,earthwork,m3/m2,0.65,synthetic industry experience indicator; no commercial dataset copied
municipal,steel,plaster,m2/m2,1.80,synthetic industry experience indicator; no commercial dataset copied
municipal,steel,scaffold,m2/m2,1.20,synthetic industry experience indicator; no commercial dataset copied
municipal,prefab,steel,t/m2,0.16,synthetic industry experience indicator; no commercial dataset copied
municipal,prefab,concrete_foundation,m3/m2,0.40,synthetic industry experience indicator; no commercial dataset copied
municipal,prefab,masonry,m3/m2,0.80,synthetic industry experience indicator; no commercial dataset copied
municipal,prefab,roof_panel,m2/m2,1.05,synthetic industry experience indicator; no commercial dataset copied
municipal,prefab,waterproof,m2/m2,1.50,synthetic industry experience indicator; no commercial dataset copied
municipal,prefab,floor_hardening,m2/m2,0.95,synthetic industry experience indicator; no commercial dataset copied
municipal,prefab,doors_windows,m2/m2,0.18,synthetic industry experience indicator; no commercial dataset copied
municipal,prefab,fire_mep,m2/m2,1.00,synthetic industry experience indicator; no commercial dataset copied
municipal,prefab,temporary_facility,m2/m2,0.08,synthetic industry experience indicator; no commercial dataset copied
municipal,prefab,earthwork,m3/m2,0.65,synthetic industry experience indicator; no commercial dataset copied
municipal,prefab,plaster,m2/m2,1.80,synthetic industry experience indicator; no commercial dataset copied
municipal,prefab,scaffold,m2/m2,1.20,synthetic industry experience indicator; no commercial dataset copied
